{
  "states": [
    {
      "name": "Delhi",
      "slug": "delhi",
      "isUT": true,
      "cities": [
        {"name": "Delhi", "slug": "delhi-aqi", "lat": 28.6139, "lng": 77.2090, "isCapital": true, "isDefault": true}
      ]
    },
    {
      "name": "Andhra Pradesh",
      "slug": "andhra-pradesh",
      "isUT": false,
      "cities": [
        {"name": "Visakhapatnam", "slug": "visakhapatnam-aqi", "lat": 17.6868, "lng": 83.2185},
        {"name": "Vijayawada", "slug": "vijayawada-aqi", "lat": 16.5062, "lng": 80.6480},
        {"name": "Amaravati", "slug": "amaravati-aqi", "lat": 16.5131, "lng": 80.5150},
        {"name": "Tirupati", "slug": "tirupati-aqi", "lat": 13.6288, "lng": 79.4192},
        {"name": "Guntur", "slug": "guntur-aqi", "lat": 16.3067, "lng": 80.4365},
        {"name": "Nellore", "slug": "nellore-aqi", "lat": 14.4426, "lng": 79.9865},
        {"name": "Kurnool", "slug": "kurnool-aqi", "lat": 15.8281, "lng": 78.0373},
        {"name": "Rajahmundry", "slug": "rajahmundry-aqi", "lat": 16.9891, "lng": 81.7843}
      ]
    },
    {
      "name": "Arunachal Pradesh",
      "slug": "arunachal-pradesh",
      "isUT": false,
      "cities": [
        {"name": "Itanagar", "slug": "itanagar-aqi", "lat": 27.0844, "lng": 93.6053}
      ]
    },
    {
      "name": "Assam",
      "slug": "assam",
      "isUT": false,
      "cities": [
        {"name": "Guwahati", "slug": "guwahati-aqi", "lat": 26.1445, "lng": 91.7362},
        {"name": "Dibrugarh", "slug": "dibrugarh-aqi", "lat": 27.4728, "lng": 94.9120},
        {"name": "Silchar", "slug": "silchar-aqi", "lat": 24.8333, "lng": 92.7789},
        {"name": "Jorhat", "slug": "jorhat-aqi", "lat": 26.7509, "lng": 94.2037}
      ]
    },
    {
      "name": "Bihar",
      "slug": "bihar",
      "isUT": false,
      "cities": [
        {"name": "Patna", "slug": "patna-aqi", "lat": 25.5941, "lng": 85.1376},
        {"name": "Gaya", "slug": "gaya-aqi", "lat": 24.7914, "lng": 85.0002},
        {"name": "Muzaffarpur", "slug": "muzaffarpur-aqi", "lat": 26.1209, "lng": 85.3647},
        {"name": "Bhagalpur", "slug": "bhagalpur-aqi", "lat": 25.2425, "lng": 86.9842},
        {"name": "Purnia", "slug": "purnia-aqi", "lat": 25.7771, "lng": 87.4753}
      ]
    },
    {
      "name": "Chhattisgarh",
      "slug": "chhattisgarh",
      "isUT": false,
      "cities": [
        {"name": "Raipur", "slug": "raipur-aqi", "lat": 21.2514, "lng": 81.6296},
        {"name": "Bhilai", "slug": "bhilai-aqi", "lat": 21.2094, "lng": 81.3283},
        {"name": "Bilaspur", "slug": "bilaspur-aqi", "lat": 22.0796, "lng": 82.1391},
        {"name": "Korba", "slug": "korba-aqi", "lat": 22.3595, "lng": 82.7501}
      ]
    },
    {
      "name": "Goa",
      "slug": "goa",
      "isUT": false,
      "cities": [
        {"name": "Panaji", "slug": "panaji-aqi", "lat": 15.4909, "lng": 73.8278},
        {"name": "Margao", "slug": "margao-aqi", "lat": 15.2832, "lng": 73.9862},
        {"name": "Vasco da Gama", "slug": "vasco-aqi", "lat": 15.3982, "lng": 73.8113}
      ]
    },
    {
      "name": "Gujarat",
      "slug": "gujarat",
      "isUT": false,
      "cities": [
        {"name": "Ahmedabad", "slug": "ahmedabad-aqi", "lat": 23.0225, "lng": 72.5714},
        {"name": "Surat", "slug": "surat-aqi", "lat": 21.1702, "lng": 72.8311},
        {"name": "Vadodara", "slug": "vadodara-aqi", "lat": 22.3072, "lng": 73.1812},
        {"name": "Rajkot", "slug": "rajkot-aqi", "lat": 22.3039, "lng": 70.8022},
        {"name": "Gandhinagar", "slug": "gandhinagar-aqi", "lat": 23.2156, "lng": 72.6369},
        {"name": "Bhavnagar", "slug": "bhavnagar-aqi", "lat": 21.7645, "lng": 72.1519},
        {"name": "Jamnagar", "slug": "jamnagar-aqi", "lat": 22.4707, "lng": 70.0577}
      ]
    },
    {
      "name": "Haryana",
      "slug": "haryana",
      "isUT": false,
      "cities": [
        {"name": "Gurugram", "slug": "gurugram-aqi", "lat": 28.4595, "lng": 77.0266},
        {"name": "Faridabad", "slug": "faridabad-aqi", "lat": 28.4089, "lng": 77.3178},
        {"name": "Hisar", "slug": "hisar-aqi", "lat": 29.1492, "lng": 75.7217},
        {"name": "Panipat", "slug": "panipat-aqi", "lat": 29.3909, "lng": 76.9635},
        {"name": "Ambala", "slug": "ambala-aqi", "lat": 30.3782, "lng": 76.7767},
        {"name": "Rohtak", "slug": "rohtak-aqi", "lat": 28.8955, "lng": 76.6066},
        {"name": "Karnal", "slug": "karnal-aqi", "lat": 29.6857, "lng": 76.9905}
      ]
    },
    {
      "name": "Himachal Pradesh",
      "slug": "himachal-pradesh",
      "isUT": false,
      "cities": [
        {"name": "Shimla", "slug": "shimla-aqi", "lat": 31.1048, "lng": 77.1734},
        {"name": "Manali", "slug": "manali-aqi", "lat": 32.2396, "lng": 77.1887},
        {"name": "Dharamshala", "slug": "dharamshala-aqi", "lat": 32.2190, "lng": 76.3234},
        {"name": "Solan", "slug": "solan-aqi", "lat": 30.9045, "lng": 77.0967}
      ]
    },
    {
      "name": "Jharkhand",
      "slug": "jharkhand",
      "isUT": false,
      "cities": [
        {"name": "Ranchi", "slug": "ranchi-aqi", "lat": 23.3441, "lng": 85.3096},
        {"name": "Jamshedpur", "slug": "jamshedpur-aqi", "lat": 22.8046, "lng": 86.2029},
        {"name": "Dhanbad", "slug": "dhanbad-aqi", "lat": 23.7957, "lng": 86.4304},
        {"name": "Bokaro", "slug": "bokaro-aqi", "lat": 23.6693, "lng": 86.1511}
      ]
    },
    {
      "name": "Karnataka",
      "slug": "karnataka",
      "isUT": false,
      "cities": [
        {"name": "Bengaluru", "slug": "bengaluru-aqi", "lat": 12.9716, "lng": 77.5946},
        {"name": "Mysuru", "slug": "mysuru-aqi", "lat": 12.2958, "lng": 76.6394},
        {"name": "Mangaluru", "slug": "mangaluru-aqi", "lat": 12.9141, "lng": 74.8560},
        {"name": "Hubli", "slug": "hubli-aqi", "lat": 15.3647, "lng": 75.1240},
        {"name": "Belgaum", "slug": "belgaum-aqi", "lat": 15.8497, "lng": 74.4977},
        {"name": "Davangere", "slug": "davangere-aqi", "lat": 14.4644, "lng": 75.9218}
      ]
    },
    {
      "name": "Kerala",
      "slug": "kerala",
      "isUT": false,
      "cities": [
        {"name": "Thiruvananthapuram", "slug": "thiruvananthapuram-aqi", "lat": 8.5241, "lng": 76.9366},
        {"name": "Kochi", "slug": "kochi-aqi", "lat": 9.9312, "lng": 76.2673},
        {"name": "Kozhikode", "slug": "kozhikode-aqi", "lat": 11.2588, "lng": 75.7804},
        {"name": "Thrissur", "slug": "thrissur-aqi", "lat": 10.5276, "lng": 76.2144},
        {"name": "Kollam", "slug": "kollam-aqi", "lat": 8.8932, "lng": 76.6141}
      ]
    },
    {
      "name": "Madhya Pradesh",
      "slug": "madhya-pradesh",
      "isUT": false,
      "cities": [
        {"name": "Bhopal", "slug": "bhopal-aqi", "lat": 23.2599, "lng": 77.4126},
        {"name": "Indore", "slug": "indore-aqi", "lat": 22.7196, "lng": 75.8577},
        {"name": "Gwalior", "slug": "gwalior-aqi", "lat": 26.2183, "lng": 78.1828},
        {"name": "Jabalpur", "slug": "jabalpur-aqi", "lat": 23.1815, "lng": 79.9864},
        {"name": "Ujjain", "slug": "ujjain-aqi", "lat": 23.1765, "lng": 75.7885},
        {"name": "Sagar", "slug": "sagar-aqi", "lat": 23.8388, "lng": 78.7378}
      ]
    },
    {
      "name": "Maharashtra",
      "slug": "maharashtra",
      "isUT": false,
      "cities": [
        {"name": "Mumbai", "slug": "mumbai-aqi", "lat": 19.0760, "lng": 72.8777},
        {"name": "Pune", "slug": "pune-aqi", "lat": 18.5204, "lng": 73.8567},
        {"name": "Nagpur", "slug": "nagpur-aqi", "lat": 21.1458, "lng": 79.0882},
        {"name": "Thane", "slug": "thane-aqi", "lat": 19.2183, "lng": 72.9781},
        {"name": "Nashik", "slug": "nashik-aqi", "lat": 19.9975, "lng": 73.7898},
        {"name": "Aurangabad", "slug": "aurangabad-aqi", "lat": 19.8762, "lng": 75.3433},
        {"name": "Solapur", "slug": "solapur-aqi", "lat": 17.6599, "lng": 75.9064},
        {"name": "Kolhapur", "slug": "kolhapur-aqi", "lat": 16.7050, "lng": 74.2433},
        {"name": "Navi Mumbai", "slug": "navi-mumbai-aqi", "lat": 19.0368, "lng": 73.0158}
      ]
    },
    {
      "name": "Manipur",
      "slug": "manipur",
      "isUT": false,
      "cities": [
        {"name": "Imphal", "slug": "imphal-aqi", "lat": 24.8170, "lng": 93.9368}
      ]
    },
    {
      "name": "Meghalaya",
      "slug": "meghalaya",
      "isUT": false,
      "cities": [
        {"name": "Shillong", "slug": "shillong-aqi", "lat": 25.5788, "lng": 91.8933}
      ]
    },
    {
      "name": "Mizoram",
      "slug": "mizoram",
      "isUT": false,
      "cities": [
        {"name": "Aizawl", "slug": "aizawl-aqi", "lat": 23.7271, "lng": 92.7176}
      ]
    },
    {
      "name": "Nagaland",
      "slug": "nagaland",
      "isUT": false,
      "cities": [
        {"name": "Kohima", "slug": "kohima-aqi", "lat": 25.6751, "lng": 94.1086},
        {"name": "Dimapur", "slug": "dimapur-aqi", "lat": 25.9042, "lng": 93.7266}
      ]
    },
    {
      "name": "Odisha",
      "slug": "odisha",
      "isUT": false,
      "cities": [
        {"name": "Bhubaneswar", "slug": "bhubaneswar-aqi", "lat": 20.2961, "lng": 85.8245},
        {"name": "Cuttack", "slug": "cuttack-aqi", "lat": 20.4625, "lng": 85.8830},
        {"name": "Rourkela", "slug": "rourkela-aqi", "lat": 22.2270, "lng": 84.8524},
        {"name": "Brahmapur", "slug": "brahmapur-aqi", "lat": 19.3150, "lng": 84.7941}
      ]
    },
    {
      "name": "Punjab",
      "slug": "punjab",
      "isUT": false,
      "cities": [
        {"name": "Ludhiana", "slug": "ludhiana-aqi", "lat": 30.9010, "lng": 75.8573},
        {"name": "Amritsar", "slug": "amritsar-aqi", "lat": 31.6340, "lng": 74.8723},
        {"name": "Jalandhar", "slug": "jalandhar-aqi", "lat": 31.3260, "lng": 75.5762},
        {"name": "Patiala", "slug": "patiala-aqi", "lat": 30.3398, "lng": 76.3869},
        {"name": "Bathinda", "slug": "bathinda-aqi", "lat": 30.2110, "lng": 74.9455},
        {"name": "Mohali", "slug": "mohali-aqi", "lat": 30.7046, "lng": 76.7179}
      ]
    },
    {
      "name": "Rajasthan",
      "slug": "rajasthan",
      "isUT": false,
      "cities": [
        {"name": "Jaipur", "slug": "jaipur-aqi", "lat": 26.9124, "lng": 75.7873},
        {"name": "Jodhpur", "slug": "jodhpur-aqi", "lat": 26.2389, "lng": 73.0243},
        {"name": "Udaipur", "slug": "udaipur-aqi", "lat": 24.5854, "lng": 73.7125},
        {"name": "Kota", "slug": "kota-aqi", "lat": 25.2138, "lng": 75.8648},
        {"name": "Ajmer", "slug": "ajmer-aqi", "lat": 26.4499, "lng": 74.6399},
        {"name": "Bikaner", "slug": "bikaner-aqi", "lat": 28.0229, "lng": 73.3119},
        {"name": "Alwar", "slug": "alwar-aqi", "lat": 27.5530, "lng": 76.6346}
      ]
    },
    {
      "name": "Sikkim",
      "slug": "sikkim",
      "isUT": false,
      "cities": [
        {"name": "Gangtok", "slug": "gangtok-aqi", "lat": 27.3389, "lng": 88.6065}
      ]
    },
    {
      "name": "Tamil Nadu",
      "slug": "tamil-nadu",
      "isUT": false,
      "cities": [
        {"name": "Chennai", "slug": "chennai-aqi", "lat": 13.0827, "lng": 80.2707},
        {"name": "Coimbatore", "slug": "coimbatore-aqi", "lat": 11.0168, "lng": 76.9558},
        {"name": "Madurai", "slug": "madurai-aqi", "lat": 9.9252, "lng": 78.1198},
        {"name": "Tiruchirappalli", "slug": "tiruchirappalli-aqi", "lat": 10.7905, "lng": 78.7047},
        {"name": "Salem", "slug": "salem-aqi", "lat": 11.6643, "lng": 78.1460},
        {"name": "Tirunelveli", "slug": "tirunelveli-aqi", "lat": 8.7139, "lng": 77.7567},
        {"name": "Vellore", "slug": "vellore-aqi", "lat": 12.9165, "lng": 79.1325}
      ]
    },
    {
      "name": "Telangana",
      "slug": "telangana",
      "isUT": false,
      "cities": [
        {"name": "Hyderabad", "slug": "hyderabad-aqi", "lat": 17.3850, "lng": 78.4867},
        {"name": "Warangal", "slug": "warangal-aqi", "lat": 17.9784, "lng": 79.5941},
        {"name": "Nizamabad", "slug": "nizamabad-aqi", "lat": 18.6725, "lng": 78.0941},
        {"name": "Karimnagar", "slug": "karimnagar-aqi", "lat": 18.4386, "lng": 79.1288},
        {"name": "Khammam", "slug": "khammam-aqi", "lat": 17.2473, "lng": 80.1514}
      ]
    },
    {
      "name": "Tripura",
      "slug": "tripura",
      "isUT": false,
      "cities": [
        {"name": "Agartala", "slug": "agartala-aqi", "lat": 23.8315, "lng": 91.2868}
      ]
    },
    {
      "name": "Uttar Pradesh",
      "slug": "uttar-pradesh",
      "isUT": false,
      "cities": [
        {"name": "Lucknow", "slug": "lucknow-aqi", "lat": 26.8467, "lng": 80.9462},
        {"name": "Kanpur", "slug": "kanpur-aqi", "lat": 26.4499, "lng": 80.3319},
        {"name": "Varanasi", "slug": "varanasi-aqi", "lat": 25.3176, "lng": 82.9739},
        {"name": "Agra", "slug": "agra-aqi", "lat": 27.1767, "lng": 78.0081},
        {"name": "Noida", "slug": "noida-aqi", "lat": 28.5355, "lng": 77.3910},
        {"name": "Ghaziabad", "slug": "ghaziabad-aqi", "lat": 28.6692, "lng": 77.4538},
        {"name": "Prayagraj", "slug": "prayagraj-aqi", "lat": 25.4358, "lng": 81.8463},
        {"name": "Meerut", "slug": "meerut-aqi", "lat": 28.9845, "lng": 77.7064},
        {"name": "Bareilly", "slug": "bareilly-aqi", "lat": 28.3670, "lng": 79.4304},
        {"name": "Aligarh", "slug": "aligarh-aqi", "lat": 27.8974, "lng": 78.0880},
        {"name": "Moradabad", "slug": "moradabad-aqi", "lat": 28.8386, "lng": 78.7733},
        {"name": "Gorakhpur", "slug": "gorakhpur-aqi", "lat": 26.7606, "lng": 83.3732}
      ]
    },
    {
      "name": "Uttarakhand",
      "slug": "uttarakhand",
      "isUT": false,
      "cities": [
        {"name": "Dehradun", "slug": "dehradun-aqi", "lat": 30.3165, "lng": 78.0322},
        {"name": "Haridwar", "slug": "haridwar-aqi", "lat": 29.9457, "lng": 78.1642},
        {"name": "Rishikesh", "slug": "rishikesh-aqi", "lat": 30.0869, "lng": 78.2676},
        {"name": "Haldwani", "slug": "haldwani-aqi", "lat": 29.2183, "lng": 79.5130},
        {"name": "Roorkee", "slug": "roorkee-aqi", "lat": 29.8543, "lng": 77.8880}
      ]
    },
    {
      "name": "West Bengal",
      "slug": "west-bengal",
      "isUT": false,
      "cities": [
        {"name": "Kolkata", "slug": "kolkata-aqi", "lat": 22.5726, "lng": 88.3639},
        {"name": "Howrah", "slug": "howrah-aqi", "lat": 22.5958, "lng": 88.2636},
        {"name": "Siliguri", "slug": "siliguri-aqi", "lat": 26.7271, "lng": 88.6393},
        {"name": "Durgapur", "slug": "durgapur-aqi", "lat": 23.5204, "lng": 87.3119},
        {"name": "Asansol", "slug": "asansol-aqi", "lat": 23.6739, "lng": 86.9524},
        {"name": "Kharagpur", "slug": "kharagpur-aqi", "lat": 22.3460, "lng": 87.2320}
      ]
    },
    {
      "name": "Andaman and Nicobar Islands",
      "slug": "andaman-nicobar",
      "isUT": true,
      "cities": [
        {"name": "Port Blair", "slug": "port-blair-aqi", "lat": 11.6234, "lng": 92.7265}
      ]
    },
    {
      "name": "Chandigarh",
      "slug": "chandigarh",
      "isUT": true,
      "cities": [
        {"name": "Chandigarh", "slug": "chandigarh-aqi", "lat": 30.7333, "lng": 76.7794}
      ]
    },
    {
      "name": "Dadra and Nagar Haveli and Daman and Diu",
      "slug": "dadra-daman-diu",
      "isUT": true,
      "cities": [
        {"name": "Daman", "slug": "daman-aqi", "lat": 20.4283, "lng": 72.8397},
        {"name": "Silvassa", "slug": "silvassa-aqi", "lat": 20.2766, "lng": 73.0169}
      ]
    },
    {
      "name": "Jammu and Kashmir",
      "slug": "jammu-kashmir",
      "isUT": true,
      "cities": [
        {"name": "Srinagar", "slug": "srinagar-aqi", "lat": 34.0837, "lng": 74.7973},
        {"name": "Jammu", "slug": "jammu-aqi", "lat": 32.7266, "lng": 74.8570}
      ]
    },
    {
      "name": "Ladakh",
      "slug": "ladakh",
      "isUT": true,
      "cities": [
        {"name": "Leh", "slug": "leh-aqi", "lat": 34.1526, "lng": 77.5771}
      ]
    },
    {
      "name": "Lakshadweep",
      "slug": "lakshadweep",
      "isUT": true,
      "cities": [
        {"name": "Kavaratti", "slug": "kavaratti-aqi", "lat": 10.5593, "lng": 72.6358}
      ]
    },
    {
      "name": "Puducherry",
      "slug": "puducherry",
      "isUT": true,
      "cities": [
        {"name": "Puducherry", "slug": "puducherry-aqi", "lat": 11.9416, "lng": 79.8083}
      ]
    }
  ]
}
